Source,Target,Weight
C556645,Coloured Glass Star T-Light Holder,1
C568395,Jam Making Set With Jars,1
C568420,Set Of 3 Cake Tins Pantry Design,1
C565305,Large Circular Mirror Mobile,2
C559136,Popcorn Holder,2
C550751,Regency Cakestand 3 Tier,2
C569743,Jumbo Bag Vintage Leaf,110
C543837,Roses Regency Teacup And Saucer,2
C572334,Charlotte Bag Apples Design,100
C546501,Set Of 3 Cake Tins Pantry Design,2
C562375,Box Of 6 Mini Vintage Crackers,96
C575341,Giraffe Wooden Ruler,288
C552704,Lunch Bag Cars Blue,2
C571893,Set Of 3 Cake Tins Pantry Design,3
C554532,Jumbo Bag Alphabet,1
C569989,Set Of 3 Cake Tins Pantry Design,25
C573092,Jumbo Bag Scandinavian Blue Paisley,40
C538755,Regency Cakestand 3 Tier,1
C536854,Save The Planet Mug,1
C547857,Wood 2 Drawer Cabinet White Finish,2
C570203,Jumbo Shopper Vintage Red Paisley,4
C567535,Medium Ceramic Top Storage Jar,1
C548389,Regency Cakestand 3 Tier,1
C543771,Regency Cakestand 3 Tier,1
C574748,Lunch Bag Spaceboy Design,100
C562281,Regency Cakestand 3 Tier,1
C538698,60 Cake Cases Vintage Christmas,24
C540246,Hand Warmer Babushka Design,1
C546854,Jam Making Set With Jars,1
C538718,Victorian Glass Hanging T-Light,48
C540942,Regency Cakestand 3 Tier,3
C575156,Coloured Glass Star T-Light Holder,4
C540850,Sweetheart Ceramic Trinket Box,1
C547958,Jumbo Bag Owls,100
C552031,Silver Hanging T-Light Holder,5
C572228,Hot Water Bottle I Am So Poorly,2
C575531,Jam Making Set With Jars,4
C545454,Party Bunting,1
C541863,Lunch Bag Red Retrospot,1
C541688,Regency Cakestand 3 Tier,4
C548460,Home Sweet Home Mug,12
C540417,Popcorn Holder,10
C566467,Charlotte Bag Apples Design,19
C558439,Pink Hanging Heart T-Light Holder,2
C574493,Pantry Chopping Board,1
C564940,Alphabet Stencil Craft,432
C577819,Box Of 6 Mini Vintage Crackers,8
C578132,Large Circular Mirror Mobile,1
C545449,Roses Regency Teacup And Saucer,1
C545885,Set Of 3 Cake Tins Pantry Design,1
C540837,Hanging Heart Jar T-Light Holder,2
C546507,Wooden Frame Antique White,2
C554266,Jumbo Bag Apples,2
C554872,Jumbo Bag Red Retrospot,1
C569743,Jumbo Bag Baroque Black White,130
C546548,Feltcraft Butterfly Hearts,1
C539983,Wood 2 Drawer Cabinet White Finish,6
C570867,Set Of 3 Cake Tins Pantry Design,3
C570099,Jumbo Bag Red Retrospot,4
C571861,Coloured Glass Star T-Light Holder,1
C575224,Jumbo Bag 50'S Christmas,100
C560540,Set Of 3 Cake Tins Pantry Design,1
C543756,Silver Hanging T-Light Holder,6
C562221,Party Bunting,8
C569114,Popcorn Holder,1
C579935,Coloured Glass Star T-Light Holder,6
C556925,Coloured Glass Star T-Light Holder,420
C559012,Set 2 Tea Towels I Love London,6
C569655,Lunch Bag Alphabet Design,2
C581162,Antique Silver T-Light Glass,3
C549987,Hanging Heart Jar T-Light Holder,1
C569655,Lunch Box I Love London,2
C569989,Jam Making Set With Jars,10
C548460,Ivory Diner Wall Clock,2
C566470,Jumbo Bag Apples,1
C537812,Regency Cakestand 3 Tier,10
C557653,Lunch Bag Red Retrospot,1
C562375,Christmas Metal Tags Assorted,144
C540246,Regency Cakestand 3 Tier,1
C574322,Regency Cakestand 3 Tier,24
C554136,Hanging Heart Jar T-Light Holder,1
C538350,Hanging Fairy Cake Decoration,15
C570556,Feltcraft Cushion Owl,144
C553748,Ivory Diner Wall Clock,1
C567703,Dolly Girl Lunch Box,1
C578124,Mini Paint Set Vintage,2
C564063,Coloured Glass Star T-Light Holder,1
C577513,Hot Water Bottle I Am So Poorly,4
C559348,Large Circular Mirror Mobile,2
C540158,Regency Cakestand 3 Tier,2
C540950,Jam Making Set With Jars,1
C549960,Regency Cakestand 3 Tier,2
C556729,Regency Cakestand 3 Tier,1
C545828,Hanging Heart Jar T-Light Holder,1
C567685,Travel Card Wallet Pantry,152
C565323,Party Bunting,1
C570867,Blue Polkadot Wrap,25
C571336,Small Red Retrospot Mug In Box,1
C549544,Set/2 Red Retrospot Tea Towels,100
C570099,Hanging Fairy Cake Decoration,12
C542413,Roses Regency Teacup And Saucer,2
C570490,Red Spot Ceramic Drawer Knob,1
C562582,Red Retrospot Cake Stand,1
C550455,Lunch Bag Spaceboy Design,1
C566745,Set Of 3 Cake Tins Pantry Design,1
C571856,Cream Hanging Heart T-Light Holder,1
C554849,Sweetheart Ceramic Trinket Box,1
C549912,Lunch Bag Red Retrospot,1
C566471,Cream Hanging Heart T-Light Holder,1
C537602,Popcorn Holder,1
C549922,Regency Cakestand 3 Tier,1
C569944,Set Of 3 Cake Tins Pantry Design,1
C558698,Charlotte Bag Vintage Alphabet,1
C569996,Retro Plastic Elephant Tray,12
C572991,Medium Ceramic Top Storage Jar,1
C543662,Regency Cakestand 3 Tier,5
C544828,Regency Cakestand 3 Tier,1
C547232,Victorian Sewing Kit,1
C538874,Home Sweet Home Mug,2
C579562,Red Toadstool Led Night Light,1
C545446,Red Retrospot Charlotte Bag,1
C548972,Regency Cakestand 3 Tier,3
C571499,Vanilla Scent Candle Jewelled Box,288
C542095,Home Sweet Home Mug,5
C575159,Regency Tea Plate Roses,12
C551195,Regency Cakestand 3 Tier,2
C547853,Jumbo Bag Pink Vintage Paisley,3
C536757,Rotating Silver Angels T-Light Hldr,9360
C571285,Fridge Magnets Les Enfants Assorted,30
C554693,Jumbo Bag Vintage Doily,10
C566467,Travel Card Wallet Keep Calm,36
C538372,Antique Silver T-Light Glass,2
C575664,Set Of 3 Cake Tins Pantry Design,1
C571023,Hanging Heart Jar T-Light Holder,1
C565379,Jumbo Bag Red Retrospot,1
C567708,Jumbo Bag Strawberry,3
C568879,Charlotte Bag Pink Polkadot,13
C558312,Roses Regency Teacup And Saucer,1
C572334,Jumbo Bag Apples,100
C561608,Set Of 3 Cake Tins Pantry Design,1
C543661,Set Of 3 Cake Tins Pantry Design,3
C543356,T-Light Glass Fluted Antique,2
C566957,Jumbo Bag Vintage Doily,1
C558255,Roses Regency Teacup And Saucer,1
C581012,Strawberry Ceramic Trinket Pot,1
C568879,Pack Of 72 Retrospot Cake Cases,72
C579931,Lunch Bag Alphabet Design,10
C569743,Jumbo Bag Alphabet,110
C554849,Regency Cakestand 3 Tier,3
C543039,Antique Silver T-Light Glass,2
C566467,Jumbo Bag Red Retrospot,10
C570556,Feltcraft 6 Flower Friends,600
C563553,Popcorn Holder,1
C561725,Bathroom Metal Sign,2
C570556,Pink Blue Felt Craft Trinket Box,1296
C569743,Jumbo Bag Owls,30
C538341,Red Toadstool Led Night Light,1
C538376,Lunch Bag Cars Blue,1
C574584,Wood 2 Drawer Cabinet White Finish,32
C559939,Feltcraft Cushion Rabbit,4
C568582,Strawberry Ceramic Trinket Pot,3
C550013,Home Sweet Home Mug,1
C574955,36 Pencils Tube Red Retrospot,16
C550672,Jumbo Bag Apples,100
C569636,Tea Time Party Bunting,3
C541868,Strawberry Ceramic Trinket Pot,2
C578148,Lunch Bag Cars Blue,1
C569495,Red Retrospot Cake Stand,1
C558097,Wood 2 Drawer Cabinet White Finish,2
C571499,Ocean Scent Candle In Jewelled Box,200
C568879,Lunch Bag Alphabet Design,82
C546997,Victorian Metal Postcard Spring,4
C574894,Red Retrospot Cake Stand,2
C570486,Mini Paint Set Vintage,36
C562022,Jam Making Set With Jars,2
C569989,Jumbo Bag Vintage Christmas,7
C560540,Small Ceramic Top Storage Jar,1
C576216,Cream Hanging Heart T-Light Holder,3
C541779,Lunch Box I Love London,12
C554527,Medium Ceramic Top Storage Jar,9
C566947,Home Sweet Home Mug,1
C546735,Baking Mould Easter Egg Milk Choc,144
C546854,Strawberry Ceramic Trinket Pot,10
C560556,Silver Hanging T-Light Holder,5
C554781,Jumbo Bag Pink Vintage Paisley,1
C580762,Jam Making Set With Jars,2
C562375,Medium Ceramic Top Storage Jar,12
C567527,Pantry Chopping Board,756
C571635,Lunch Box I Love London,1
C577832,Fairy Cake Flannel Assorted Colour,18
C552856,Regency Cakestand 3 Tier,1
C576831,Small Red Retrospot Mug In Box,234
C560540,Lunch Bag Red Retrospot,1
C564212,Revolver Wooden Ruler,1
C540535,Wood 2 Drawer Cabinet White Finish,1
C570556,Red Floral Feltcraft Shoulder Bag,144
C580165,Set Of 3 Cake Tins Pantry Design,1
C570122,Antique Silver T-Light Glass,1
C545516,Jam Making Set With Jars,1
C564081,Regency Cakestand 3 Tier,150
C564940,Giraffe Wooden Ruler,400
C574472,Silver Hanging T-Light Holder,5
C538632,Regency Cakestand 3 Tier,1
C542346,Set Of 3 Babushka Stacking Tins,5
C543755,Feltcraft Cushion Owl,4
C541710,Cream Hanging Heart T-Light Holder,3
C542693,Assorted Colours Silk Fan,600
C572917,Wood 2 Drawer Cabinet White Finish,2
C557512,Fridge Magnets Us Diner Assorted,24
C549438,Knickerbockerglory Magnet Assorted,2
C564940,Jumbo Bag Alphabet,140
C537797,Regency Cakestand 3 Tier,2
C565044,Ivory Diner Wall Clock,318
C579882,Save The Planet Mug,6
C579926,Jumbo Bag Red Retrospot,1
C551018,Round Snack Boxes Set Of 4 Fruits,1
C565789,Silver Hanging T-Light Holder,5
C579756,Coloured Glass Star T-Light Holder,1
C566467,Lunch Bag Red Retrospot,9
C574658,Red Retrospot Peg Bag,1
C575257,Asstd Design Racing Car Pen,1
C579554,Card Holder Gingham Heart,2
C576831,Small White Retrospot Mug In Box,244
C565044,Red Toadstool Led Night Light,126
C562884,Set 2 Tea Towels I Love London,3
C538362,Pack Of 72 Retrospot Cake Cases,30
C569743,Jumbo Bag Apples,120
C572761,Jam Making Set With Jars,3
C569911,Set Of 3 Cake Tins Pantry Design,3
C569554,Popcorn Holder,3
C559939,Feltcraft Cushion Owl,4
C566467,Jumbo Bag Strawberry,14
C543611,Wooden Frame Antique White,12
C580708,Antique Silver T-Light Glass,12
C550176,Knickerbockerglory Magnet Assorted,6
C569548,Cream Hanging Heart T-Light Holder,1
C545728,Strawberry Ceramic Trinket Pot,2
C540535,Red Retrospot Charlotte Bag,1
C568419,Feather Pen Coal Black,96
C574955,Set Of 3 Cake Tins Pantry Design,2
C579878,Wood 2 Drawer Cabinet White Finish,1
C538705,Regency Cakestand 3 Tier,16
C543603,Wood 2 Drawer Cabinet White Finish,1
C578363,Regency Cakestand 3 Tier,12
C570478,Regency Cakestand 3 Tier,3
C545843,Regency Cakestand 3 Tier,1
C568884,Party Bunting,50
C560540,Jumbo Bag Red Retrospot,1
C562206,Lunch Bag Red Retrospot,2
C549962,Regency Cakestand 3 Tier,2
C547408,Regency Cakestand 3 Tier,1
C545828,Regency Cakestand 3 Tier,6
C541232,Set Of 3 Cake Tins Pantry Design,1
C565681,Red Toadstool Led Night Light,12
C580740,36 Pencils Tube Red Retrospot,12
C544080,Regency Cakestand 3 Tier,4
C558521,Spotty Bunting,2
C573092,Lunch Bag Cars Blue,112
C554863,Jam Making Set With Jars,1
C559105,Jumbo Bag Vintage Leaf,1
C559983,Paper Chain Kit Vintage Christmas,5
C570556,Red Floral Feltcraft Shoulder Bag,144
C546777,Hanging Heart Jar T-Light Holder,2
C538703,Silver Hanging T-Light Holder,3
C573010,36 Pencils Tube Red Retrospot,11
C540843,Victorian Glass Hanging T-Light,48
C580686,Jam Making Set With Jars,1
C576561,Jumbo Bag Pink Vintage Paisley,1
C557224,Jumbo Bag Red Retrospot,5
C572275,Regency Cakestand 3 Tier,1
C538802,Jam Making Set With Jars,4
C554870,Gin And Tonic Diet Metal Sign,3
C568377,Red Retrospot Charlotte Bag,1
C570290,Sweetheart Ceramic Trinket Box,12
C569995,Jam Making Set With Jars,12
C542060,Lunch Bag Red Retrospot,2
C548851,Wood 2 Drawer Cabinet White Finish,1
C565237,Set Of 3 Cake Tins Pantry Design,1
C559347,Red Spot Ceramic Drawer Knob,12
C575921,12 Pencils Small Tube Skull,184
C552030,Hanging Heart Jar T-Light Holder,7
C555598,Roses Regency Teacup And Saucer,1
C560855,Home Sweet Home Mug,5
C541786,Regency Cakestand 3 Tier,3
C551464,10 Colour Spaceboy Pen,48
C545569,Set Of 3 Cake Tins Pantry Design,2
C573864,Jumbo Bag Pink Polkadot,1
C541823,Red Retrospot Peg Bag,1
C559007,Jumbo Bag Scandinavian Blue Paisley,11
C542910,Regency Cakestand 3 Tier,2
C550170,Jam Making Set With Jars,3
C545455,T-Light Glass Fluted Antique,1
C577832,Sweetheart Ceramic Trinket Box,12
C562097,Jumbo Bag Woodland Animals,1
C540250,Jumbo Bag Scandinavian Blue Paisley,1
C556635,Roses Regency Teacup And Saucer,1
C561604,Set Of 3 Cake Tins Pantry Design,3
C572334,Jumbo Bag Pink Polkadot,100
C560818,Popcorn Holder,1
C560903,Victorian Glass Hanging T-Light,75
C575626,Set Of 3 Cake Tins Pantry Design,1
C570290,Jumbo Bag Alphabet,10
C571029,Feltcraft 6 Flower Friends,2
C542539,Regency Cakestand 3 Tier,7
C546881,Wood 2 Drawer Cabinet White Finish,3
C574526,Feltcraft Doll Molly,2
C570556,Feltcraft Butterfly Hearts,840
C579945,Popcorn Holder,1
C554335,Red Retrospot Oven Glove,1
C567945,Wood 2 Drawer Cabinet White Finish,2
C548748,Jumbo Storage Bag Suki,10
C538536,Hand Warmer Babushka Design,48
C550181,Charlotte Bag Apples Design,5
C570290,Jumbo Bag 50'S Christmas,20
C570122,Sweetheart Ceramic Trinket Box,1
C564488,Antique Silver T-Light Glass,11
C561234,Retro Plastic Elephant Tray,12
C563611,Silver Hanging T-Light Holder,3
C549666,Jam Making Set With Jars,1
C572343,Mirror Mosaic Votive Holder,324
C543661,Regency Cakestand 3 Tier,7
C545840,Regency Cakestand 3 Tier,5
C543775,Save The Planet Mug,6
C570683,Lunch Bag Red Retrospot,1
C564748,White Rocking Horse Hand Painted,24
C556939,Polyester Filler Pad 40x40cm,160
C562147,Strawberry Ceramic Trinket Pot,1
C549162,Jam Making Set With Jars,1
C545569,Regency Cakestand 3 Tier,3
C574507,Roses Regency Teacup And Saucer,1
C557637,Antique Silver T-Light Glass,1
C574753,Set Of 3 Cake Tins Pantry Design,2
C539576,Red Retrospot Peg Bag,12
C567708,Set 2 Tea Towels I Love London,7
C553150,Wooden Picture Frame White Finish,1
C548748,Victorian Glass Hanging T-Light,12
C538110,Strawberry Ceramic Trinket Pot,144
C561612,Strawberry Ceramic Trinket Pot,2
C568884,Jumbo Bag Red Retrospot,100
C548503,Small Red Retrospot Mug In Box,1
C550027,Large Circular Mirror Mobile,58
C579752,Vanilla Scent Candle Jewelled Box,1
C541825,Home Sweet Home Mug,1
C574505,Jumbo Bag Apples,1
C580313,Strawberry Ceramic Trinket Pot,3
C565843,Place Setting White Heart,1
C570221,Lunch Bag Alphabet Design,9
C538083,Jumbo Bag Red Retrospot,3
C572410,Roses Regency Teacup And Saucer,168
C549692,Red Spot Ceramic Drawer Knob,1
C569995,60 Cake Cases Vintage Christmas,24
C554847,Regency Cakestand 3 Tier,1
C556324,Rain Poncho Retrospot,24
C562051,Regency Cakestand 3 Tier,1
C543786,Ivory Diner Wall Clock,1
C538350,Gin And Tonic Diet Metal Sign,1
C569911,Roses Regency Teacup And Saucer,1
C571499,Wooden Picture Frame White Finish,72
C536812,Card Holder Gingham Heart,192
C562375,Paper Chain Kit 50'S Christmas,120
C537602,Cream Hanging Heart T-Light Holder,1
C569636,Party Bunting,11
C558364,Jam Making Set With Jars,1
C575588,Victorian Glass Hanging T-Light,6
C569655,Jam Making Set Printed,2
C538595,Wooden Picture Frame White Finish,2
C538833,Lunch Bag Cars Blue,1
C539644,Regency Cakestand 3 Tier,21
C563258,Lunch Bag Cars Blue,1
C577163,Set 2 Tea Towels I Love London,12
C559502,Regency Cakestand 3 Tier,1
C566942,Regency Cakestand 3 Tier,1
C540109,Blue Charlie+Lola Personal Doorsign,150
C572473,Rotating Silver Angels T-Light Hldr,1
C569038,Regency Cakestand 3 Tier,1
C540347,Ivory Diner Wall Clock,6
C567708,Travel Card Wallet Keep Calm,24
C568748,Silver Hanging T-Light Holder,12
C574584,Wooden Picture Frame White Finish,72
C575777,Paper Chain Kit 50'S Christmas,40
C562961,Cream Hanging Heart T-Light Holder,6
C574922,Popcorn Holder,64
C536812,Heart Wooden Christmas Decoration,192
C569995,Set Of 20 Vintage Christmas Napkins,24
C554100,Lunch Bag Red Retrospot,1
C570552,Jumbo Bag Woodland Animals,200
C554486,Wood 2 Drawer Cabinet White Finish,1
C543745,Set Of 3 Babushka Stacking Tins,3
C543837,Regency Cakestand 3 Tier,2
C542640,Regency Cakestand 3 Tier,4
C554100,Coloured Glass Star T-Light Holder,1
C539600,Paper Chain Kit Vintage Christmas,12
C548748,Regency Cakestand 3 Tier,8
C574472,T-Light Glass Fluted Antique,1
C554333,Cream Hanging Heart T-Light Holder,3
C553222,Party Bunting,1
C558422,Travel Card Wallet Keep Calm,24
C568879,Lunch Bag Cars Blue,13
C570996,Set Of 20 Vintage Christmas Napkins,12
C568096,White Tall Porcelain T-Light Holder,288
C538357,Hanging Fairy Cake Decoration,144
C558444,Jumbo Bag Pink Polkadot,1
C542138,10 Colour Spaceboy Pen,24
C551167,Wood 2 Drawer Cabinet White Finish,1
C567708,Jumbo Bag Red Retrospot,8
C541415,Cream Hanging Heart T-Light Holder,1
C562953,Strawberry Ceramic Trinket Pot,1
C564907,Set Of 3 Cake Tins Pantry Design,1
C559253,Red Spot Ceramic Drawer Knob,2
C560206,Jumbo Bag Vintage Leaf,10
C576350,Set Of 20 Vintage Christmas Napkins,4
C576216,Red Retrospot Cake Stand,1
C573306,Wood 2 Drawer Cabinet White Finish,1
C538350,Strawberry Ceramic Trinket Pot,4
C542150,Mini Paint Set Vintage,1
C573037,Strawberry Ceramic Trinket Pot,2
C539661,Assorted Colours Silk Fan,48
C569743,Jumbo Bag Pink Vintage Paisley,100
C543744,Set Of 3 Babushka Stacking Tins,3
C561620,Set Of 3 Cake Tins Pantry Design,2
C538874,Wooden Frame Antique White,1
C559939,Strawberry Ceramic Trinket Pot,12
C557658,Antique Silver T-Light Glass,1
C559742,Jam Making Set With Jars,12
C570655,36 Pencils Tube Red Retrospot,2
C571507,Jam Making Set Printed,2
C546997,Fridge Magnets La Vie En Rose,6
C561238,Lunch Bag Spaceboy Design,1
C542270,Jam Making Set With Jars,1
C560735,Coloured Glass Star T-Light Holder,360
C550456,Tea Time Party Bunting,1300
C576216,Pink Hanging Heart T-Light Holder,3
C563015,Polyester Filler Pad 45x45cm,160
C564913,Travel Card Wallet Keep Calm,24
C550475,Hanging Fairy Cake Decoration,6
C560533,Paint Your Own Canvas Set,2
C572440,Set Of 3 Cake Tins Pantry Design,1
C563577,Home Sweet Home Mug,828
C566467,Lunch Bag Cars Blue,9
C550454,Antique Silver T-Light Glass,6
C559939,Place Setting White Heart,24
C560540,Jumbo Bag Vintage Doily,1
C548695,Wood 2 Drawer Cabinet White Finish,1
C544696,Jam Making Set Printed,12
C575666,Large Circular Mirror Mobile,2
C581406,Polyester Filler Pad 40x40cm,300
C574524,Charlotte Bag Pink Polkadot,1
C567940,Regency Cakestand 3 Tier,1
C559666,Lunch Bag Alphabet Design,1
C548357,Regency Cakestand 3 Tier,1
C538695,Set 2 Tea Towels I Love London,1
C563752,Lunch Box I Love London,6
C568830,Lunch Bag Cars Blue,9
C548503,Small White Retrospot Mug In Box,2
C569636,Jam Making Set With Jars,2
C564138,36 Pencils Tube Red Retrospot,16
C553025,Jumbo Bag Vintage Doily,10
C575224,Jumbo Shopper Vintage Red Paisley,100
C562147,Round Snack Boxes Set Of 4 Fruits,1
C555652,Antique Silver T-Light Glass,6
C567690,Lunch Bag Spaceboy Design,11
C539950,Jumbo Bag Red Retrospot,10
C569995,Paper Chain Kit Vintage Christmas,24
C567703,Red Retrospot Charlotte Bag,4
C553568,Regency Cakestand 3 Tier,2
C564913,Jam Making Set With Jars,1
C543787,Victorian Sewing Kit,48
C547676,Regency Cakestand 3 Tier,2
C569743,Jumbo Bag Red Retrospot,140
C559079,Polyester Filler Pad 45x45cm,1
C572754,Beaded Chandelier T-Light Holder,48
C579913,Coloured Glass Star T-Light Holder,1
C560540,Feltcraft Butterfly Hearts,1
C550485,Strawberry Ceramic Trinket Pot,4
C539273,T-Light Glass Fluted Antique,1
C538341,Paper Chain Kit 50'S Christmas,1
C567708,Pack Of 72 Retrospot Cake Cases,31
C580641,Coloured Glass Star T-Light Holder,14
C578363,Popcorn Holder,200
C574288,Victorian Glass Hanging T-Light,1
C550494,Jumbo Bag Woodland Animals,1
C571893,Set Of 3 Cake Tins Pantry Design,3
C578363,Small White Retrospot Mug In Box,36
C564964,Roses Regency Teacup And Saucer,1
C567690,Lunch Bag Red Retrospot,9
C557411,Jam Making Set With Jars,6
C578377,Fridge Magnets La Vie En Rose,120
C567708,Spotty Bunting,4
C537602,Red Retrospot Cake Stand,1
C563553,Cream Hanging Heart T-Light Holder,1
C564711,Strawberry Ceramic Trinket Pot,1
C566943,Ivory Diner Wall Clock,1
C565762,Red Retrospot Charlotte Bag,19
C564491,Regency Cakestand 3 Tier,1
C570274,Regency Cakestand 3 Tier,6
C537602,Lunch Box I Love London,4
C544682,Jumbo Bag Strawberry,1
C577692,Antique Silver T-Light Glass,8
C558444,Wood 2 Drawer Cabinet White Finish,1
C566742,Feltcraft Butterfly Hearts,1
C538115,Victorian Glass Hanging T-Light,1
C579752,Cream Hanging Heart T-Light Holder,1
C562438,Regency Cakestand 3 Tier,1
C555384,Jumbo Shopper Vintage Red Paisley,1
C540030,Small Red Retrospot Mug In Box,24
C567691,Popcorn Holder,6
C569743,Jumbo Bag Strawberry,120
C546997,Fridge Magnets Les Enfants Assorted,6
C539655,Silver Hanging T-Light Holder,24
C569961,Jam Making Set With Jars,3
C561240,Silver Hanging T-Light Holder,1
C543611,Wood 2 Drawer Cabinet White Finish,1
C538350,Jumbo Bag Red Retrospot,12
C555935,36 Pencils Tube Red Retrospot,16
C536820,Red Retrospot Cake Stand,1
C544557,Silver Hanging T-Light Holder,5
C557479,Set Of 3 Cake Tins Pantry Design,2
C548355,Wooden School Colouring Set,12
C540392,Red Retrospot Peg Bag,1
C570552,Jumbo Bag Strawberry,100
C549269,Large Circular Mirror Mobile,9
C557648,Popcorn Holder,3
C572754,Ocean Scent Candle In Jewelled Box,36
C575064,Jumbo Bag Woodland Animals,2
C542781,Red Toadstool Led Night Light,12
C540634,Set Of 3 Babushka Stacking Tins,3
C547031,Regency Cakestand 3 Tier,8
C559705,Lunch Bag Red Retrospot,1
C566474,Jam Making Set With Jars,1
C577398,Hanging Heart Jar T-Light Holder,7
C569422,36 Pencils Tube Red Retrospot,16
C567643,Spotty Bunting,1
C538059,Roses Regency Teacup And Saucer,6
C565848,Jumbo Bag Alphabet,1
C565402,Popcorn Holder,2
C546865,Regency Cakestand 3 Tier,1
C557505,Jam Making Set With Jars,5
C551510,Party Bunting,100
C553880,Sweetheart Ceramic Trinket Box,24
C551463,Jumbo Shopper Vintage Red Paisley,1
C573756,Strawberry Ceramic Trinket Pot,6
C540155,Ocean Scent Candle In Jewelled Box,54
C545639,Regency Cakestand 3 Tier,1
C554530,Red Retrospot Cake Stand,1
C543837,Regency Cakestand 3 Tier,2
C545671,Regency Cakestand 3 Tier,7
C551861,Jam Making Set With Jars,1
C544507,Regency Cakestand 3 Tier,7
C566071,Regency Tea Plate Roses,48
C564142,Retro Plastic Elephant Tray,1
C547849,Strawberry Ceramic Trinket Pot,3
C550463,Lunch Bag Spaceboy Design,1
C546517,Wood 2 Drawer Cabinet White Finish,1
C553030,Feltcraft 6 Flower Friends,1
C566165,Regency Cakestand 3 Tier,1
C549822,Regency Cakestand 3 Tier,1
C548748,Feltcraft 6 Flower Friends,6
C569891,Card Holder Gingham Heart,1
C552706,Red Retrospot Cake Stand,1
C573925,Set Of 3 Cake Tins Pantry Design,1
C540393,Coloured Glass Star T-Light Holder,1
C571707,Red Retrospot Peg Bag,1
C558327,Polyester Filler Pad 40x40cm,24
C575172,Jam Making Set With Jars,3
C569421,Regency Cakestand 3 Tier,1
C540097,Hot Water Bottle I Am So Poorly,4
C549788,Jam Making Set With Jars,2
C575224,Jumbo Bag Pink Polkadot,100
C550456,Cream Hanging Heart T-Light Holder,1930
C546395,Save The Planet Mug,1
C579926,Jumbo Bag Baroque Black White,1
C542092,Jumbo Bag Red Retrospot,2
C545773,Red Retrospot Cake Stand,1
C571499,Wooden Frame Antique White,72
C546191,Tea Time Party Bunting,35
C568560,Pantry Chopping Board,1
C558256,Red Retrospot Peg Bag,6
C545436,Lunch Bag Red Retrospot,1
C555384,Jumbo Bag Apples,1
C555253,Roses Regency Teacup And Saucer,1
C543628,Jam Making Set With Jars,1
C542346,Regency Cakestand 3 Tier,4
C577832,Regency Cakestand 3 Tier,1
C554847,Spotty Bunting,3
C560540,36 Pencils Tube Red Retrospot,1
C569989,Lunch Bag Red Retrospot,8
C569987,Tea Party Birthday Card,144
C579266,Coloured Glass Star T-Light Holder,24
C564900,Red Floral Feltcraft Shoulder Bag,1
C561684,Regency Cakestand 3 Tier,1
C570958,Jumbo Bag Vintage Doily,2
C543469,Set Of 3 Babushka Stacking Tins,1
C579140,Jumbo Bag Scandinavian Blue Paisley,2
C543611,Coloured Glass Star T-Light Holder,2
C572343,Mirror Mosaic T-Light Holder Round,468
C557508,Medium Ceramic Top Storage Jar,240
C558553,Regency Tea Plate Roses,576
C547342,Regency Cakestand 3 Tier,2
C558438,Hanging Heart Jar T-Light Holder,7
C540393,Roses Regency Teacup And Saucer,4
C570221,Lunch Bag Red Retrospot,1
C569851,Popcorn Holder,1
C548485,Roses Regency Teacup And Saucer,1
C573766,Fridge Magnets La Vie En Rose,1
C563752,Dolly Girl Lunch Box,1
C537417,Jam Making Set With Jars,1
C550709,Sweetheart Ceramic Trinket Box,3
C551778,Sweetheart Ceramic Trinket Box,2
C559983,Paper Chain Kit 50'S Christmas,6
C566090,Knickerbockerglory Magnet Assorted,6
C542910,Lunch Box I Love London,1
C554717,Regency Cakestand 3 Tier,9
C562799,Silver Hanging T-Light Holder,2
C544184,Home Sweet Home Mug,144
C558716,Revolver Wooden Ruler,12
C543661,Sweetheart Ceramic Trinket Box,2
C572343,Ivory Chandelier T-Light Holder,96
C560560,Regency Cakestand 3 Tier,1
C566467,Charlotte Bag Vintage Alphabet,15
C548532,Regency Cakestand 3 Tier,48
C555358,Roses Regency Teacup And Saucer,1
C546173,Sweetheart Ceramic Trinket Box,1
C576230,Pink Hanging Heart T-Light Holder,1
C540417,Tea Time Party Bunting,50
C555054,Red Retrospot Cake Stand,1
C579192,Wrap Christmas Village,250
C550171,Pink Blue Felt Craft Trinket Box,1
C539467,Wood 2 Drawer Cabinet White Finish,1
C570099,Sweetheart Ceramic Trinket Box,6
C579905,Popcorn Holder,12
C548193,Lunch Bag Cars Blue,1
C575004,Doormat Keep Calm And Come In,4
C578144,Roses Regency Teacup And Saucer,1
C540535,Wooden Frame Antique White,1
C548972,Party Bunting,8
C562097,Wood 2 Drawer Cabinet White Finish,1
C576216,Jam Making Set With Jars,3
C546313,T-Light Glass Fluted Antique,3
C568600,Jumbo Storage Bag Suki,1
C546362,Regency Cakestand 3 Tier,1
C581409,Wooden Picture Frame White Finish,1
C570683,Jumbo Shopper Vintage Red Paisley,1
C551522,Hand Warmer Babushka Design,1
C573756,Strawberry Ceramic Trinket Pot,9
C545833,Victorian Glass Hanging T-Light,3
C570290,Strawberry Ceramic Trinket Pot,12
C547838,Wood 2 Drawer Cabinet White Finish,2
C567091,Jam Making Set With Jars,6
C580751,Jumbo Bag Alphabet,10
C553880,Knickerbockerglory Magnet Assorted,96
C550780,Victorian Glass Hanging T-Light,12
C575058,Regency Cakestand 3 Tier,1
C565848,Party Bunting,1
C572343,Flowers Chandelier T-Light Holder,240
C569395,Christmas Metal Tags Assorted,6
C545003,Feltcraft 6 Flower Friends,1
C561211,Lunch Bag Cars Blue,1
C556293,Cream Hanging Heart T-Light Holder,18
C572532,Jam Making Set With Jars,1
C567534,Jumbo Bag 50'S Christmas,1
C577394,Antique Silver T-Light Glass,4
C571499,Regency Cakestand 3 Tier,32
C579090,Boys Alphabet Iron On Patches,288
C580507,Regency Cakestand 3 Tier,1
C570122,Wood 2 Drawer Cabinet White Finish,2
C576647,Rose 1 Wick Morris Boxed Candle,1
C544420,Coloured Glass Star T-Light Holder,2
C560899,Hanging Heart Jar T-Light Holder,24
C556011,Knickerbockerglory Magnet Assorted,6
C550024,Regency Cakestand 3 Tier,11
C555881,Round Snack Boxes Set Of 4 Fruits,1
C544422,Retro Plastic Elephant Tray,12
C569949,Pink Hanging Heart T-Light Holder,2
C576242,Silver Hanging T-Light Holder,2
C542910,Cream Hanging Heart T-Light Holder,1
C552889,Lunch Bag Red Retrospot,1
C539271,Red Retrospot Cake Stand,1
C565044,White Skull Hot Water Bottle,144
C538350,Sweetheart Ceramic Trinket Box,11
C569995,36 Doilies Vintage Christmas,24
C572111,Wood 2 Drawer Cabinet White Finish,1
C550456,Gin And Tonic Diet Metal Sign,2000
C538085,Wood 2 Drawer Cabinet White Finish,1
C548187,Strawberry Ceramic Trinket Pot,1
C556656,Hanging Heart Jar T-Light Holder,4
C538833,Charlotte Bag Pink Polkadot,2
C568244,Popcorn Holder,13
C560148,Jumbo Bag Owls,100
C574894,Small White Retrospot Mug In Box,3
C541641,Red Spot Ceramic Drawer Knob,1
C559486,Set Of 3 Cake Tins Pantry Design,1
C545453,Jam Making Set With Jars,1
C572754,Ivory Chandelier T-Light Holder,48
C570331,Feather Pen Coal Black,1
C539598,Red Retrospot Cake Stand,11
C557945,Jumbo Bag Baroque Black White,1
C572754,Vanilla Scent Candle Jewelled Box,36
C570290,Gin And Tonic Diet Metal Sign,12
C567348,Cream Hanging Heart T-Light Holder,1
C571499,Ivory Chandelier T-Light Holder,48
C569114,Roses Regency Teacup And Saucer,2
C562375,Set Of 20 Vintage Christmas Napkins,192
C576248,Knickerbockerglory Magnet Assorted,1
C564955,Round Snack Boxes Set Of 4 Fruits,2
C567708,Jumbo Bag Vintage Doily,8
C552556,Antique Silver T-Light Glass,24
C549899,Silver Hanging T-Light Holder,7
C562709,Lunch Box I Love London,1
C540270,Popcorn Holder,3
C572991,36 Doilies Vintage Christmas,1
C562375,Set Of 6 Nativity Magnets,240
C570099,Jumbo Bag Scandinavian Blue Paisley,1
C553687,Large Circular Mirror Mobile,3
C556644,Roses Regency Teacup And Saucer,1
C571051,Regency Cakestand 3 Tier,1
C558444,Hanging Heart Jar T-Light Holder,1
C578377,Fridge Magnets Us Diner Assorted,120
C578077,Paper Chain Kit Vintage Christmas,20
C557879,Jam Making Set With Jars,1
C564142,Red Retrospot Peg Bag,1
C571678,Strawberry Ceramic Trinket Pot,1
C544902,Feltcraft Doll Molly,1
C566758,Roses Regency Teacup And Saucer,3
C550475,Red Retrospot Charlotte Bag,1
C565025,Set Of 3 Cake Tins Pantry Design,1
C575224,Jumbo Bag Scandinavian Blue Paisley,100
C548722,Jam Making Set With Jars,2
C577154,Large Circular Mirror Mobile,35
C549230,Victorian Glass Hanging T-Light,12
C542138,Charlotte Bag Pink Polkadot,10
C559664,Feltcraft 6 Flower Friends,1
C540417,Jumbo Bag Pink Polkadot,20
C558422,Gardeners Kneeling Pad Cup Of Tea,1
C543818,Regency Cakestand 3 Tier,2
C566280,Coloured Glass Star T-Light Holder,2
C554532,Party Bunting,4
C557224,Hanging Heart Jar T-Light Holder,2
C564940,Lunch Bag Alphabet Design,250
C581229,Jumbo Bag 50'S Christmas,10
C543112,Jam Making Set With Jars,3
C541654,Red Retrospot Cake Stand,6
C574065,Christmas Metal Tags Assorted,24
C573219,Jumbo Storage Bag Suki,1
C567902,Lunch Bag Spaceboy Design,1
C562921,Regency Cakestand 3 Tier,2
C564946,Jumbo Bag Alphabet,2
C577737,Hanging Heart Jar T-Light Holder,24
C556635,Regency Cakestand 3 Tier,1
C572334,Jumbo Bag 50'S Christmas,100
C539054,Silver Hanging T-Light Holder,2
C550664,Roses Regency Teacup And Saucer,1
C542402,Hanging Heart Jar T-Light Holder,2
C540097,Regency Cakestand 3 Tier,6
C564955,Red Spot Ceramic Drawer Knob,1
C549253,Round Snack Boxes Set Of 4 Fruits,1
C566467,Charlotte Bag Pink Polkadot,20
C559175,Jam Making Set With Jars,11
C560558,Regency Tea Plate Roses,2
C576785,Charlotte Bag Pink Polkadot,10
C560733,Coloured Glass Star T-Light Holder,360
C567627,Jumbo Storage Bag Suki,1
C569989,Party Bunting,29
C549582,Regency Cakestand 3 Tier,3
C568419,Feather Pen Coal Black,96
C575641,Home Sweet Home Mug,18
C543818,Blue Charlie+Lola Personal Doorsign,2
C549253,Jumbo Bag Woodland Animals,1
C570556,Feltcraft Cushion Butterfly,192
C578363,Wooden Frame Antique White,48
C562097,Red Retrospot Charlotte Bag,1
C562921,Roses Regency Teacup And Saucer,2
C576670,Jumbo Bag Apples,1
C570556,Pink Blue Felt Craft Trinket Box,1296
C543469,Regency Cakestand 3 Tier,2
C569743,Jumbo Shopper Vintage Red Paisley,130
C546174,T-Light Glass Fluted Antique,3
C566999,Set Of 3 Cake Tins Pantry Design,2
C560540,Jumbo Bag Pink Vintage Paisley,1
C559908,Save The Planet Mug,72
C553910,Strawberry Ceramic Trinket Pot,1
C570221,Party Bunting,20
C560540,Mini Paint Set Vintage,36
C576231,Feltcraft Cushion Owl,2
C570867,Small Ceramic Top Storage Jar,12
C568879,Party Bunting,3
C554332,Small Ceramic Top Storage Jar,1
C542714,Red Retrospot Cake Stand,5
C554793,World War 2 Gliders Asstd Designs,96
C543706,Regency Cakestand 3 Tier,1
C564281,Strawberry Ceramic Trinket Pot,1
C561018,Small Ceramic Top Storage Jar,3
C550959,Jam Making Set With Jars,1
C542426,Antique Silver T-Light Glass,12
C567358,Roses Regency Teacup And Saucer,1
C577350,Hanging Heart Jar T-Light Holder,3
C547806,Set Of 3 Cake Tins Pantry Design,1
C549666,Regency Cakestand 3 Tier,1
C570647,Jumbo Bag Vintage Christmas,100
C567627,Popcorn Holder,3
C543611,Wood 2 Drawer Cabinet White Finish,2
C564214,Wooden Frame Antique White,6
C559473,Coloured Glass Star T-Light Holder,1
C567708,Jam Making Set Printed,79
C573021,Red Retrospot Cake Stand,7
C536817,Coloured Glass Star T-Light Holder,1
C539253,Regency Cakestand 3 Tier,10
C579192,Regency Cakestand 3 Tier,10
C580971,Office Mug Warmer Pink,250
C540780,Regency Cakestand 3 Tier,23
C538530,Dolly Girl Lunch Box,33
C577737,Paper Chain Kit Vintage Christmas,18
C562097,Large Circular Mirror Mobile,3
C544034,Popcorn Holder,1
C559193,Lunch Box I Love London,1
C540158,Jam Making Set Printed,2
C539063,Ivory Diner Wall Clock,6
C576831,Red Retrospot Cake Stand,132
C565848,Red Spot Ceramic Drawer Knob,15
C573321,Victorian Glass Hanging T-Light,1
C557637,Victorian Glass Hanging T-Light,2
C539644,Fridge Magnets Les Enfants Assorted,2
C561589,Jam Making Set With Jars,1
C565025,Wooden Frame Antique White,2
C572119,Antique Silver T-Light Glass,2
C568830,Lunch Bag Spaceboy Design,8
C562375,36 Doilies Vintage Christmas,288
C539569,Fridge Magnets Les Enfants Assorted,13
C541863,Sweetheart Ceramic Trinket Box,9
C545677,Red Retrospot Cake Stand,1
C552849,Cream Hanging Heart T-Light Holder,12
C561649,World War 2 Gliders Asstd Designs,48
C570099,Jumbo Bag Red Retrospot,1
C571285,Fridge Magnets La Vie En Rose,30
C572410,Regency Tea Plate Roses,20
C557515,Ocean Scent Candle In Jewelled Box,1
C541868,Regency Cakestand 3 Tier,1
C541821,Jam Making Set With Jars,2
C563599,Antique Silver T-Light Glass,1
C558357,Large Circular Mirror Mobile,8
C540847,Popcorn Holder,2
C540164,Rotating Silver Angels T-Light Hldr,6
C543643,Lunch Bag Spaceboy Design,1
C538847,Set Of 3 Babushka Stacking Tins,240
C558110,Party Bunting,8
C572343,Mirror Mosaic Goblet Candle Holder,240
C560540,Medium Ceramic Top Storage Jar,1
C572334,Jumbo Storage Bag Suki,100
C547043,Set Of 3 Cake Tins Pantry Design,1
C550494,Large Circular Mirror Mobile,7
C542413,60 Cake Cases Vintage Christmas,24
C576561,Jumbo Bag Pink Polkadot,2
C581322,Set Of 20 Vintage Christmas Napkins,1
C576194,Jam Making Set With Jars,3
C567690,Jumbo Bag Apples,9
C574505,Jumbo Bag Pink Polkadot,4
C543661,Strawberry Ceramic Trinket Pot,2
C550174,Travel Card Wallet Pantry,6
C566780,Sweetheart Ceramic Trinket Box,1
C574505,Jumbo Bag Red Retrospot,1
C562648,Travel Card Wallet Keep Calm,1
C556268,Roses Regency Teacup And Saucer,1
C577388,Regency Cakestand 3 Tier,1
C540385,Red Retrospot Cake Stand,1
C569655,Lunch Bag Spaceboy Design,7
C549908,Regency Cakestand 3 Tier,3
C542426,Pink Blue Felt Craft Trinket Box,12
C554872,Knickerbockerglory Magnet Assorted,2
C548972,Jumbo Bag Pink Vintage Paisley,10
C569318,Round Snack Boxes Set Of 4 Fruits,3
C577153,Set Of 3 Cake Tins Pantry Design,3
C542413,Jam Making Set With Jars,4
C569995,Paper Chain Kit 50'S Christmas,40
C575035,Lunch Bag Cars Blue,1
C565848,Roses Regency Teacup And Saucer,2
C564759,Jam Making Set With Jars,1
C542426,Hand Warmer Babushka Design,48
C562097,Jumbo Bag Red Retrospot,1
C570556,Feltcraft Cushion Rabbit,240
C572343,Beaded Chandelier T-Light Holder,96
C552805,Red Retrospot Peg Bag,6
C573030,Gardeners Kneeling Pad Cup Of Tea,1
C552564,Jumbo Bag Apples,200
C537893,Dolly Girl Lunch Box,2
C555409,Roses Regency Teacup And Saucer,7
C539499,Sweetheart Ceramic Trinket Box,3
C566084,Roses Regency Teacup And Saucer,6
C543607,Regency Cakestand 3 Tier,1
C575590,Popcorn Holder,10
C570221,Charlotte Bag Pink Polkadot,13
C568832,Pantry Chopping Board,186
C569956,Wooden Picture Frame White Finish,6
C567978,Victorian Glass Hanging T-Light,1
C542413,Set Of 20 Vintage Christmas Napkins,24
C556888,Cream Hanging Heart T-Light Holder,1
C541656,Victorian Glass Hanging T-Light,1
C562709,Strawberry Ceramic Trinket Pot,1
C581569,36 Pencils Tube Red Retrospot,5
C554340,Jam Making Set With Jars,3
C540097,Red Retrospot Cake Stand,6
C570122,Strawberry Ceramic Trinket Pot,3
C572334,Jumbo Bag Alphabet,100
C581228,White Rocking Horse Hand Painted,12
C575035,Set Of 3 Cake Tins Pantry Design,1
C569655,Lunch Bag Cars Blue,1
C575082,Set Of 3 Cake Tins Pantry Design,1
C580919,Set Of 3 Cake Tins Pantry Design,1
C569655,Gardeners Kneeling Pad Cup Of Tea,2
C574825,Set 2 Tea Towels I Love London,12
C562124,Cream Hanging Heart T-Light Holder,3
C542402,Jam Making Set With Jars,2
C577547,Cream Hanging Heart T-Light Holder,1
C542244,Jam Making Set With Jars,1
C542104,Jam Making Set With Jars,2
C546131,Set Of 3 Cake Tins Pantry Design,1
C559667,Roses Regency Teacup And Saucer,2
C562952,Small Ceramic Top Storage Jar,2
C570221,Pack Of 72 Retrospot Cake Cases,8
C562795,Home Sweet Home Mug,1
C550456,Fairy Cake Flannel Assorted Colour,3114
C549919,Bathroom Metal Sign,1
C540250,Jumbo Bag Strawberry,1
C540403,Cream Hanging Heart T-Light Holder,1
C568879,Lunch Bag Red Retrospot,50
C541863,Hanging Fairy Cake Decoration,2
C537756,Silver Hanging T-Light Holder,8
C567351,Box Of 6 Mini Vintage Crackers,6
C570450,Large Circular Mirror Mobile,6
C540158,Fridge Magnets Les Enfants Assorted,5
C571287,Ivory Diner Wall Clock,1
C548460,Jam Making Set With Jars,6
C553222,Jumbo Bag Alphabet,1
C572334,Charlotte Bag Vintage Alphabet,100
C570221,Red Retrospot Charlotte Bag,5
C551551,Charlotte Bag Pink Polkadot,2
C572334,Red Retrospot Charlotte Bag,100
C574065,Pack Of 12 London Tissues,12
C550709,Strawberry Ceramic Trinket Pot,1
C556293,Antique Silver T-Light Glass,72
C546865,Roses Regency Teacup And Saucer,2
C570683,Jumbo Bag Vintage Doily,2
C569410,Polyester Filler Pad 40x40cm,8
C568412,Asstd Design Racing Car Pen,1
C538118,Paper Chain Kit Vintage Christmas,1
C571499,Beaded Chandelier T-Light Holder,48
C541707,Jumbo Bag Baroque Black White,10
C550475,Strawberry Ceramic Trinket Pot,14
C559486,Regency Cakestand 3 Tier,1
C556888,Wooden Frame Antique White,1
C545033,Dolly Girl Lunch Box,192
C536760,Feltcraft Doll Molly,3
C575065,Set Of 3 Cake Tins Pantry Design,2
C558254,Red Retrospot Cake Stand,1
C543811,Regency Cakestand 3 Tier,1
C551948,Strawberry Ceramic Trinket Pot,4
C554849,Strawberry Ceramic Trinket Pot,2
C579945,Roses Regency Teacup And Saucer,1
C570867,Fridge Magnets Us Diner Assorted,12
C568879,White Skull Hot Water Bottle,22
C581071,Jumbo Bag Baroque Black White,1
C575341,Revolver Wooden Ruler,276
C546997,Fridge Magnets Us Diner Assorted,6
C577383,Save The Planet Mug,2
C569636,Travel Card Wallet Pantry,2
C563751,Strawberry Ceramic Trinket Pot,4
C558202,Red Spot Ceramic Drawer Knob,1
C559296,Pack Of 12 London Tissues,204
C579192,Box Of 6 Mini Vintage Crackers,20
C540244,Cream Hanging Heart T-Light Holder,1
C574584,Vanilla Scent Candle Jewelled Box,180
C560588,Roses Regency Teacup And Saucer,1
C552241,Feltcraft Cushion Butterfly,1
C556647,Sweetheart Ceramic Trinket Box,12
C559296,Travel Card Wallet Dotcomgiftshop,200
C540786,Set Of 3 Cake Tins Pantry Design,1
C567534,Lunch Bag Red Retrospot,2
C550812,Wood 2 Drawer Cabinet White Finish,2
C539950,Set Of 3 Cake Tins Pantry Design,2
C559461,Jumbo Bag Red Retrospot,2
C550808,Roses Regency Teacup And Saucer,1
C539071,Regency Cakestand 3 Tier,1
C569960,Jumbo Bag Vintage Doily,1
C574584,Ocean Scent Candle In Jewelled Box,162
C569973,Round Snack Boxes Set Of 4 Fruits,3
C552849,Pink Hanging Heart T-Light Holder,6
C571473,Strawberry Ceramic Trinket Pot,3
C542082,Lunch Bag Red Retrospot,2
C557478,Set Of 3 Cake Tins Pantry Design,3
C567767,Cream Hanging Heart T-Light Holder,12
C581569,Hanging Heart Jar T-Light Holder,1
C581228,Wooden Frame Antique White,6
C542792,Cream Hanging Heart T-Light Holder,1
C572754,Flowers Chandelier T-Light Holder,48
C551018,Jumbo Bag Woodland Animals,2
C547961,Jumbo Shopper Vintage Red Paisley,100
C567359,Red Retrospot Oven Glove,1
C571499,Wood 2 Drawer Cabinet White Finish,32
C537853,Jam Making Set With Jars,2
C575082,Red Retrospot Cake Stand,4
C579878,Regency Cakestand 3 Tier,1
C559568,Regency Cakestand 3 Tier,1
